{
  "engine": "memlake",
  "config": {
    "note": "e2e via gRPC: python client -> mlake-server -> S3 (MinIO); same cached bge-small vectors as qdrant",
    "graph": false
  },
  "corpus_size": 5183,
  "n_queries": 300,
  "index_seconds": 27.327,
  "arms": {
    "dense": {
      "ndcg@10": 0.69684,
      "recall@100": 0.89933,
      "mrr@10": 0.66817,
      "latency": {},
      "ann_recall@1": 0.97667,
      "ann_recall@10": 0.96267,
      "ann_recall@100": 0.7711
    },
    "sparse": {
      "ndcg@10": 0.69291,
      "recall@100": 0.91067,
      "mrr@10": 0.66072,
      "latency": {}
    },
    "hybrid": {
      "ndcg@10": 0.70316,
      "recall@100": 0.96433,
      "mrr@10": 0.66914,
      "latency": {
        "mean_ms": 1070.317,
        "p50_ms": 148.628,
        "p90_ms": 497.882,
        "p99_ms": 24399.576,
        "max_ms": 40275.108,
        "n_queries": 300
      }
    }
  },
  "dataset": "scifact",
  "generated_at": "2026-07-22T14:06:46+00:00",
  "platform": "Darwin arm64 py3.13.2"
}
