{
  "engine": "memlake+graph",
  "config": {
    "note": "e2e via gRPC: python client -> mlake-server -> S3 (MinIO); same cached bge-small vectors as qdrant",
    "graph": true
  },
  "corpus_size": 5183,
  "n_queries": 300,
  "index_seconds": 7.158,
  "arms": {
    "dense": {
      "ndcg@10": 0.71277,
      "recall@100": 0.94167,
      "mrr@10": 0.68225,
      "latency": {
        "mean_ms": 32.055,
        "p50_ms": 15.137,
        "p90_ms": 26.978,
        "p99_ms": 193.722,
        "max_ms": 2808.232,
        "n_queries": 300
      },
      "ann_recall@1": 0.99667,
      "ann_recall@10": 0.996,
      "ann_recall@100": 0.98627
    },
    "sparse": {
      "ndcg@10": 0.69547,
      "recall@100": 0.90189,
      "mrr@10": 0.66357,
      "latency": {
        "mean_ms": 32.055,
        "p50_ms": 15.137,
        "p90_ms": 26.978,
        "p99_ms": 193.722,
        "max_ms": 2808.232,
        "n_queries": 300
      }
    },
    "graph": {
      "ndcg@10": 0.01151,
      "recall@100": 0.06533,
      "mrr@10": 0.01306,
      "latency": {
        "mean_ms": 32.055,
        "p50_ms": 15.137,
        "p90_ms": 26.978,
        "p99_ms": 193.722,
        "max_ms": 2808.232,
        "n_queries": 300
      }
    }
  },
  "dataset": "scifact",
  "generated_at": "2026-07-23T12:40:18+00:00",
  "platform": "Darwin arm64 py3.13.2"
}
